source_path	decision	local_path	git_mode	git_type	git_object_sha1	upstream_sha256	imported_baseline_sha256
.cargo/config.toml	imported	apps/hepta-native/.cargo/config.toml	100644	blob	e62937f4262b5ea1f037e79bc9def9903d0bbf36	d8fab21f7f5c1ab4347dfdb1545723b98b8bc447730c378c80317aaad73dfa9f	d8fab21f7f5c1ab4347dfdb1545723b98b8bc447730c378c80317aaad73dfa9f
.github/actions/import-apple-cert/action.yml	excluded	-	100644	blob	d6c21f7ffdd2c21ad36a994f47ea6f95b62f02d2	3dcb30a4de59281dbf99a257855a5f9a7ed9f800cd1ec225adf7a611ae3d3b3e	-
.github/actions/setup-cargo-makepad/action.yml	excluded	-	100644	blob	669cde59d7b994dad1fee14b283f158d313e4012	10bb0b9af869fd93560f8865290774b7916cd0c57766708e83cec5932e7a9404	-
.github/actions/setup-cargo-makepad/scripts/resolve-makepad-rev.sh	excluded	-	100644	blob	63253afc6f02e2d197e7a77ed4845cfef05e03ee	5cf4eecd9b3a919ddb23e2c69fc67e983a1fda842ae1d21064d189bc131a4dd2	-
.github/typos.toml	excluded	-	100644	blob	6f5c38c956d972c85b795cb7d90f1bfde8b19db8	e269208e99115769cbfa838718059d907b3f991d968fed7c68fe59b9b4d945fd	-
.github/workflows/builds.yml	excluded	-	100644	blob	3d4b2e98fe13eac973d64df27f27cec308139ff2	afea4efe8eb53d2c9afb2abe3855db4f93b49745f2ae8608280d4b5946a56100	-
.github/workflows/licenses.yml	excluded	-	100644	blob	8d26e87f60d6018cb6cff5fced448fa64c180dfb	b637a0f7abd2cfa22e509f6b0655020dc59f31c36764016753392d07cb149e85	-
.github/workflows/main.yml	excluded	-	100644	blob	95d21f4b5fcb9e0e368f30b96d5f259d96bbca9d	bbef91466aca27001c62ac70bd4fbedbe677a12c34544ccd2ba5793f6d42c28c	-
.github/workflows/release.yml	excluded	-	100644	blob	5e05d9ff7c507dd3373fab7bcbefc118aeea94f4	c329252302fd9e6176b75b3351ed3ffab913fac9879f000fbb3f5edbcae5363d	-
.gitignore	imported	apps/hepta-native/.gitignore	100644	blob	de91482ce2e2097f67bc26223a1caf388abe4e3e	1be6444e18063499fe9c4d8f7b47780d70f24bed63a31d9056b9b40e5fb2d586	1be6444e18063499fe9c4d8f7b47780d70f24bed63a31d9056b9b40e5fb2d586
AGENTS.md	excluded	-	100644	blob	9a393de6f15e3bedd116e6bc3dd2ce99131d5893	83df2d49c9267739831823825b05cbcfa2ef1790af35feee75c4b106ba3702a8	-
Cargo.lock	imported	apps/hepta-native/Cargo.lock	100644	blob	4924c00994c94eee3a1a595b18ad3e3d85f6d24d	a2838908e44dd30658d7d7d7069f1fa0cca23ab69411c1b918ff317e590a0388	a2838908e44dd30658d7d7d7069f1fa0cca23ab69411c1b918ff317e590a0388
Cargo.toml	imported	apps/hepta-native/Cargo.toml	100644	blob	acf1d1b3f8040fe365391256a73e4c9d7f574eb6	8e9e5b1a3b63efd31a65a77bc29773ed765fbcc1d4ebba2732e2204b316afc4a	8e9e5b1a3b63efd31a65a77bc29773ed765fbcc1d4ebba2732e2204b316afc4a
LICENSE-MIT	imported	apps/hepta-native/LICENSE-MIT	100644	blob	7f77de13d6a3a5b2a7b35bfb249b7902317c2045	7c370204a7507a3c33398d6377aa69691991b0582a3d92ace8d27d8819b223f7	7c370204a7507a3c33398d6377aa69691991b0582a3d92ace8d27d8819b223f7
README.md	imported	apps/hepta-native/README.md	100644	blob	411845c1fb931792f84317b85ee965ce45312a9d	4527d5ea79c654875b08081d6ab00d3a94a87bd8b957cbe1a0ba0ffca20694fc	4527d5ea79c654875b08081d6ab00d3a94a87bd8b957cbe1a0ba0ffca20694fc
SPLASH.md	imported	apps/hepta-native/SPLASH.md	100644	blob	88af44bba09ca045bc51127ee0227c53ec33e8fe	2d9ab8f20bdd62fbd310976678b80dff26fa9455a4f0aee42eaed2478cc95bfc	2d9ab8f20bdd62fbd310976678b80dff26fa9455a4f0aee42eaed2478cc95bfc
build.rs	imported	apps/hepta-native/build.rs	100644	blob	eb8f72b6c719a408a146899a5786f72a9887fc51	34d32ac936c7e043809073f235cfac62618cfec43071ea2205b761bab05c5a8d	34d32ac936c7e043809073f235cfac62618cfec43071ea2205b761bab05c5a8d
licenses/ATTRIBUTIONS.md	imported	apps/hepta-native/licenses/ATTRIBUTIONS.md	100644	blob	6978395caf6b88cc95edafd950aa7af7c549bceb	43a07d67582558c4f96e706b569905a28675b4659248da6a21bc907f3af10348	43a07d67582558c4f96e706b569905a28675b4659248da6a21bc907f3af10348
licenses/THIRD-PARTY-LICENSES.md	imported	apps/hepta-native/licenses/THIRD-PARTY-LICENSES.md	100644	blob	13f927d6a6f11938dc57f8fe1ffbb901f714b986	12dc671eb7f8952148ad76358848f5893641413f9fd64cb2fbe210a3d7e6aef8	12dc671eb7f8952148ad76358848f5893641413f9fd64cb2fbe210a3d7e6aef8
licenses/THIRD-PARTY-NOTICES.html	imported	apps/hepta-native/licenses/THIRD-PARTY-NOTICES.html	100644	blob	30b85554e0eaf283f343c3a387c5b8c1ccc3e4d5	3c5068db411f9bdefe1a1ad76114f5ad792ffd29e907b88cdbec018004314f8b	3c5068db411f9bdefe1a1ad76114f5ad792ffd29e907b88cdbec018004314f8b
licenses/config/about.hbs	imported	apps/hepta-native/licenses/config/about.hbs	100644	blob	04999520eba9ea9d750ad7e0b5966c34f3ff2379	402e41f7324c9954cbe01e0ff36ea05f7bc752315dbde995e30c1bc51724277d	402e41f7324c9954cbe01e0ff36ea05f7bc752315dbde995e30c1bc51724277d
licenses/config/about.md.hbs	imported	apps/hepta-native/licenses/config/about.md.hbs	100644	blob	264329e109b0072d025c2ac6aafff1baf9f0e348	3720cb8a03f52a6dea4a273c7bee56baf28f952ad062eee689021e5fb953a09d	3720cb8a03f52a6dea4a273c7bee56baf28f952ad062eee689021e5fb953a09d
licenses/config/about.toml	imported	apps/hepta-native/licenses/config/about.toml	100644	blob	c246be914eae2eea61048f11550f5c4202287705	ca323f2c894e75fd4dcc3ebf0bf2eea224eb2ecba2923d3335e7df13f6423bc3	ca323f2c894e75fd4dcc3ebf0bf2eea224eb2ecba2923d3335e7df13f6423bc3
packaging/Entitlements.plist	imported	apps/hepta-native/packaging/Entitlements.plist	100644	blob	09fb4c409e517de911d9e63e44c7c514054a7d14	1c06e5712e282eea4720aacc1fd245d25c77af94c6e647a7d65dec77e13d4dc0	1c06e5712e282eea4720aacc1fd245d25c77af94c6e647a7d65dec77e13d4dc0
packaging/Info.plist	imported	apps/hepta-native/packaging/Info.plist	100644	blob	8fc49b2b8984f7790ed700d7cc7167d7e25fd695	c51459f2b35b4a69a934a40fdbc49b6e9aa96f324025c5bfac334ce35d2f8450	c51459f2b35b4a69a934a40fdbc49b6e9aa96f324025c5bfac334ce35d2f8450
packaging/Robrix macOS dmg background.png	imported	apps/hepta-native/packaging/Robrix macOS dmg background.png	100644	blob	e5197b7e1c18f84f1c8a56e3b81514f388f669ea	0e4a37fceb158137034a0145503340dee4dec5cceb535e55b799eb070c7434a4	0e4a37fceb158137034a0145503340dee4dec5cceb535e55b799eb070c7434a4
packaging/build-ios-testflight.sh	imported	apps/hepta-native/packaging/build-ios-testflight.sh	100755	blob	9e3fe922dbac228e51ed920c02cd31ac12cc8963	725004eeda77f0f3b20aa69b97ba6d7dbca1cd03e0287d933c2e81c739d9e40e	725004eeda77f0f3b20aa69b97ba6d7dbca1cd03e0287d933c2e81c739d9e40e
packaging/build-macos-dmg.sh	imported	apps/hepta-native/packaging/build-macos-dmg.sh	100755	blob	7d9eca4a48ac573826fb3921d20ce0825bf8d61b	6bc806242a24e70c4e96e13b82e339c852de3cd1a1ea0f2f5a004641fced3d38	6bc806242a24e70c4e96e13b82e339c852de3cd1a1ea0f2f5a004641fced3d38
packaging/debian-copyright	imported	apps/hepta-native/packaging/debian-copyright	100644	blob	4297a510b6ee045a3e1475b51bf240c030766635	040485df3f943cbadae1f43427ac5f7a70b8b1eee198f9bf77c7027887929139	040485df3f943cbadae1f43427ac5f7a70b8b1eee198f9bf77c7027887929139
packaging/fix-dmg-applications-icon.sh	imported	apps/hepta-native/packaging/fix-dmg-applications-icon.sh	100755	blob	d41db5feb21011fca12fb34e04003998987eec95	ebe798b1a8d0dcdba40857ee840088ed00a39e3fb7d5593c17defb08200cad07	ebe798b1a8d0dcdba40857ee840088ed00a39e3fb7d5593c17defb08200cad07
packaging/icon_google_play_512.png	imported	apps/hepta-native/packaging/icon_google_play_512.png	100644	blob	d56ebbf6a5a0b26283b3ee10c29589bd28912398	9476a9bb61b1eb14081a72e0da6780a45aec660fa5adf8bed27652a8438a89d1	9476a9bb61b1eb14081a72e0da6780a45aec660fa5adf8bed27652a8438a89d1
packaging/ios/icons/Assets.xcassets/AppIcon.appiconset/AppIcon1024x1024.png	imported	apps/hepta-native/packaging/ios/icons/Assets.xcassets/AppIcon.appiconset/AppIcon1024x1024.png	100644	blob	d99947b5e79fe507250411d92219e3fc73be81c8	888ee20afceadcf4976fb19dbadb0a82b5380cffd4aff0a796f5507b137521be	888ee20afceadcf4976fb19dbadb0a82b5380cffd4aff0a796f5507b137521be
packaging/ios/icons/Assets.xcassets/AppIcon.appiconset/AppIcon120x120.png	imported	apps/hepta-native/packaging/ios/icons/Assets.xcassets/AppIcon.appiconset/AppIcon120x120.png	100644	blob	a8a60831eab9061b2c3c4ffdcc41de8161b55bc9	91a8e083ffd4f232a04c1cf8dcf2c763458ac3aa1a21c8a8feef63099209f4e6	91a8e083ffd4f232a04c1cf8dcf2c763458ac3aa1a21c8a8feef63099209f4e6
packaging/ios/icons/Assets.xcassets/AppIcon.appiconset/AppIcon152x152.png	imported	apps/hepta-native/packaging/ios/icons/Assets.xcassets/AppIcon.appiconset/AppIcon152x152.png	100644	blob	3da8eab1a4f42bd53b53a16ce92f7bac224e9102	5d30d171154d9f2163c10750115ef3d42fc81250741457c40b3343e093147232	5d30d171154d9f2163c10750115ef3d42fc81250741457c40b3343e093147232
packaging/ios/icons/Assets.xcassets/AppIcon.appiconset/AppIcon167x167.png	imported	apps/hepta-native/packaging/ios/icons/Assets.xcassets/AppIcon.appiconset/AppIcon167x167.png	100644	blob	db1e72828277b148a16f1ca3fd5411fa0a6d3fa7	db955087d2bcddc30c592a5e1302dd2c66f270f7415af905fd37664460ad5b3f	db955087d2bcddc30c592a5e1302dd2c66f270f7415af905fd37664460ad5b3f
packaging/ios/icons/Assets.xcassets/AppIcon.appiconset/AppIcon180x180.png	imported	apps/hepta-native/packaging/ios/icons/Assets.xcassets/AppIcon.appiconset/AppIcon180x180.png	100644	blob	df0e999b1921e58034cf6de53c98b4d06b502b7c	d72a3422dbd43d054bf7c3e0b8a78be6848667c6a221189c22492595603417b0	d72a3422dbd43d054bf7c3e0b8a78be6848667c6a221189c22492595603417b0
packaging/ios/icons/Assets.xcassets/AppIcon.appiconset/Contents.json	imported	apps/hepta-native/packaging/ios/icons/Assets.xcassets/AppIcon.appiconset/Contents.json	100644	blob	2b4429c175917bf0ac867f34cc74f61741821077	de55b3538be3d099a476f8dbb4685bc8cccac6006ac16f968bb524288b363816	de55b3538be3d099a476f8dbb4685bc8cccac6006ac16f968bb524288b363816
packaging/ios/icons/Assets.xcassets/Contents.json	imported	apps/hepta-native/packaging/ios/icons/Assets.xcassets/Contents.json	100644	blob	73c00596a7fca3f3d4bdd64053b69d86745f9e10	0fd49ba3c3585c709678e0046a821c3c60685ec7063720d30d3a3448be3a208b	0fd49ba3c3585c709678e0046a821c3c60685ec7063720d30d3a3448be3a208b
packaging/ios/icons/Assets.xcassets/LaunchScreenBackground.colorset/Contents.json	imported	apps/hepta-native/packaging/ios/icons/Assets.xcassets/LaunchScreenBackground.colorset/Contents.json	100644	blob	cea21679f81a5c45d20c324569212358884841fa	9611a158e97edf8917db3d836970009df82cd2ce3ad364c0b424546c96f88888	9611a158e97edf8917db3d836970009df82cd2ce3ad364c0b424546c96f88888
packaging/release-secrets.env.example	imported	apps/hepta-native/packaging/release-secrets.env.example	100644	blob	4721d9f577eed995ff2f976d9a0f5b0201572d7c	966fe6329e9f27d4fc76603ee136e2212da22f6a360998a848d19a511ea190d9	966fe6329e9f27d4fc76603ee136e2212da22f6a360998a848d19a511ea190d9
packaging/robrix.desktop	imported	apps/hepta-native/packaging/robrix.desktop	100644	blob	7da8abba0c4ca19e772873e3b705293cc4c57d3f	9f5cc9868fcb1452ac03b6422732ca4f59874ea4eaa004418d81fc6625252043	9f5cc9868fcb1452ac03b6422732ca4f59874ea4eaa004418d81fc6625252043
packaging/rs.robius.robrix.metainfo.xml	imported	apps/hepta-native/packaging/rs.robius.robrix.metainfo.xml	100644	blob	f7d96703200c23effba6729493ff80b09d0648c3	0c62425edf11d50259bc286837120ee5a2f3ac9d86fdb2ccff5b946cdebbf45c	0c62425edf11d50259bc286837120ee5a2f3ac9d86fdb2ccff5b946cdebbf45c
packaging/upload-release-secrets.sh	excluded	-	100755	blob	9d282fa8def7271dce1faef29998fca9f460286c	d18f6e15c36fef100a6540b884cdeeb2104373af4bd31589a42eea429ee6d131	-
resources/android/AndroidManifest.xml.template	imported	apps/hepta-native/resources/android/AndroidManifest.xml.template	100644	blob	b6a53054be617a9ddd91634961c47f7c79dfbef0	1de9bf4cedf367463a444278034c54cd4e2e9ecbaad7df7f188c5a25eb6361de	1de9bf4cedf367463a444278034c54cd4e2e9ecbaad7df7f188c5a25eb6361de
resources/android/res/mipmap-anydpi-v26/ic_launcher.xml	imported	apps/hepta-native/resources/android/res/mipmap-anydpi-v26/ic_launcher.xml	100644	blob	be438580f7f9f25a62c9e3e448de0338b63a8e18	5056b7226b3f58e65a61739e8ab6f5c52099fccee3ae9aad0e8856f31709e3fa	5056b7226b3f58e65a61739e8ab6f5c52099fccee3ae9aad0e8856f31709e3fa
resources/android/res/mipmap-anydpi-v26/ic_launcher_round.xml	imported	apps/hepta-native/resources/android/res/mipmap-anydpi-v26/ic_launcher_round.xml	100644	blob	be438580f7f9f25a62c9e3e448de0338b63a8e18	5056b7226b3f58e65a61739e8ab6f5c52099fccee3ae9aad0e8856f31709e3fa	5056b7226b3f58e65a61739e8ab6f5c52099fccee3ae9aad0e8856f31709e3fa
resources/android/res/mipmap-hdpi/ic_launcher.png	imported	apps/hepta-native/resources/android/res/mipmap-hdpi/ic_launcher.png	100644	blob	3b61fc6f5f6fbab56afdafeae75bd4df40bd6ab6	131d5c1f3ee90f2e3bf1ffebce4e2c85ac20d71be5276e3cd92253577ed1c749	131d5c1f3ee90f2e3bf1ffebce4e2c85ac20d71be5276e3cd92253577ed1c749
resources/android/res/mipmap-hdpi/ic_launcher_foreground.png	imported	apps/hepta-native/resources/android/res/mipmap-hdpi/ic_launcher_foreground.png	100644	blob	e882d7808bd13793495b937af6c629bafb0b185c	98d115bd73d6b9978329ddc3f38b95e551130e7ccb752029c7acdba5d21900aa	98d115bd73d6b9978329ddc3f38b95e551130e7ccb752029c7acdba5d21900aa
resources/android/res/mipmap-mdpi/ic_launcher.png	imported	apps/hepta-native/resources/android/res/mipmap-mdpi/ic_launcher.png	100644	blob	26b1061cfffc97ff07b65d7217a48ffd2f59fdb9	4af6956e76f87e64bb4d066bbcaa0bf5e76ba49aaaacda53afcf2cc7f70385f1	4af6956e76f87e64bb4d066bbcaa0bf5e76ba49aaaacda53afcf2cc7f70385f1
resources/android/res/mipmap-mdpi/ic_launcher_foreground.png	imported	apps/hepta-native/resources/android/res/mipmap-mdpi/ic_launcher_foreground.png	100644	blob	0e52b06d718e6044b2eb659d78e1dcef7b54c6aa	e627bbcf9a902e8e20e5eac180ec80fe0a878c328b91a77b4fd464140a60d916	e627bbcf9a902e8e20e5eac180ec80fe0a878c328b91a77b4fd464140a60d916
resources/android/res/mipmap-xhdpi/ic_launcher.png	imported	apps/hepta-native/resources/android/res/mipmap-xhdpi/ic_launcher.png	100644	blob	0d5a264a2c5663eb8f8fa81ca18f38c889bcbc08	606411c51a6eb96b67c7901744a4495b230d38a132392259dce7bb462cc4f2c2	606411c51a6eb96b67c7901744a4495b230d38a132392259dce7bb462cc4f2c2
resources/android/res/mipmap-xhdpi/ic_launcher_foreground.png	imported	apps/hepta-native/resources/android/res/mipmap-xhdpi/ic_launcher_foreground.png	100644	blob	22b0d6b475be09eae4bef90d071614989db0b7e5	34ff4b63fd29579f51b1e47aca8775bb61febb500be5f96ad3eec1dbdfc25be2	34ff4b63fd29579f51b1e47aca8775bb61febb500be5f96ad3eec1dbdfc25be2
resources/android/res/mipmap-xxhdpi/ic_launcher.png	imported	apps/hepta-native/resources/android/res/mipmap-xxhdpi/ic_launcher.png	100644	blob	4b9268b45883d75e412035330b3ed92a1e455f2d	6d1e7f9b9576a7eba9667ed4e813df5b8c1ceb555e8fcae89521f727095d22fa	6d1e7f9b9576a7eba9667ed4e813df5b8c1ceb555e8fcae89521f727095d22fa
resources/android/res/mipmap-xxhdpi/ic_launcher_foreground.png	imported	apps/hepta-native/resources/android/res/mipmap-xxhdpi/ic_launcher_foreground.png	100644	blob	7ac804a56d0a486a02f63b17b4dd2e4b78af591a	723f0d89b7d346d9611bdda7653bec08f3e60313ede52554bf5e0c30198d78b0	723f0d89b7d346d9611bdda7653bec08f3e60313ede52554bf5e0c30198d78b0
resources/android/res/mipmap-xxxhdpi/ic_launcher.png	imported	apps/hepta-native/resources/android/res/mipmap-xxxhdpi/ic_launcher.png	100644	blob	1c55d90be5cf00a8ca6585119e31999bc8ef2728	2d0cf048faeb5e45d496753e0a61d920183b0af372fe6a3e4a57269db4957788	2d0cf048faeb5e45d496753e0a61d920183b0af372fe6a3e4a57269db4957788
resources/android/res/mipmap-xxxhdpi/ic_launcher_foreground.png	imported	apps/hepta-native/resources/android/res/mipmap-xxxhdpi/ic_launcher_foreground.png	100644	blob	1058a84b09c447830dc151f2e8c45fc234ccdff1	f712269d425becf710a5c2b4a619dbad308408c886ad68e1c9e113bbc695704a	f712269d425becf710a5c2b4a619dbad308408c886ad68e1c9e113bbc695704a
resources/android/res/values/ic_launcher_background.xml	imported	apps/hepta-native/resources/android/res/values/ic_launcher_background.xml	100644	blob	270fbc96d480fdd3919dc663bc6899f4791fd132	0617089b13bab7d7ab2ac2356692dd768010e4e13ee1c85b26d14f8145304af4	0617089b13bab7d7ab2ac2356692dd768010e4e13ee1c85b26d14f8145304af4
resources/icon.ico	imported	apps/hepta-native/resources/icon.ico	100644	blob	0b07b4cacd98b5f1a3fcb368e0fd0ac48609e2b2	c50f172d11e168d582548f7cee21551dffe46a225a1d146d89d1a90e5db6aac3	c50f172d11e168d582548f7cee21551dffe46a225a1d146d89d1a90e5db6aac3
resources/icon_1024.png	imported	apps/hepta-native/resources/icon_1024.png	100644	blob	8d9ea6bf86874b6499a3b3c371aacf0e6d64c291	a5db71934b2fd2e8177637527db2d925c01bbe9bb046aecf0d2eddc5bef43329	a5db71934b2fd2e8177637527db2d925c01bbe9bb046aecf0d2eddc5bef43329
resources/icon_128.png	imported	apps/hepta-native/resources/icon_128.png	100644	blob	f629a6e51e7a93d2b8932c3639fdd92dbd535d1e	0d330fbe2635915f9e178a210c02524e428ff2d7ab19d432c4f352cd1445b001	0d330fbe2635915f9e178a210c02524e428ff2d7ab19d432c4f352cd1445b001
resources/icon_256.png	imported	apps/hepta-native/resources/icon_256.png	100644	blob	38e5ea8b6072853c978cdb7edafb70f6ebf63269	1224644ee730932a1eaa9c3704ae7b5b6e8eb04cd9909a451265c1a2ab512c40	1224644ee730932a1eaa9c3704ae7b5b6e8eb04cd9909a451265c1a2ab512c40
resources/icon_32.png	imported	apps/hepta-native/resources/icon_32.png	100644	blob	8a2ebe203bdac2c54b576d7a2618f7d511aaedd6	f23fb31c9bca4819b0ecaabb8860700cc057c5a09b1d569806f0012cb8d9f89c	f23fb31c9bca4819b0ecaabb8860700cc057c5a09b1d569806f0012cb8d9f89c
resources/icon_48.png	imported	apps/hepta-native/resources/icon_48.png	100644	blob	8ad5e2003cdb9296f31fd135da6b73b74d58b531	2c8e8f369bd1eefaef4239a27e2b936164d01d95041f59a8950ea3d4efff29f3	2c8e8f369bd1eefaef4239a27e2b936164d01d95041f59a8950ea3d4efff29f3
resources/icon_512.png	imported	apps/hepta-native/resources/icon_512.png	100644	blob	731ce713863f44b6d1a3729c4e215cef06b3e8b7	a4ae7d73706fcf347f10e7a0e02924d1d9fc713e666b2a5ed2a5781fc42d9ee8	a4ae7d73706fcf347f10e7a0e02924d1d9fc713e666b2a5ed2a5781fc42d9ee8
resources/icon_64.png	imported	apps/hepta-native/resources/icon_64.png	100644	blob	cfb65953b02205198833d69236504812209cb7ce	dff7cdcba021e3ecd9f775d7ecdcfbec7d95def5376b70cc4b5cd9c1e3ab6bdd	dff7cdcba021e3ecd9f775d7ecdcfbec7d95def5376b70cc4b5cd9c1e3ab6bdd
resources/icon_jump_to_bottom.svg	imported	apps/hepta-native/resources/icon_jump_to_bottom.svg	100644	blob	07308f74b1eec66a8b918201afbf532b51566b9b	94f904ad7f7e328924bb6e69afc972e98121d26d0827a732bb57112ab624c0a4	94f904ad7f7e328924bb6e69afc972e98121d26d0827a732bb57112ab624c0a4
resources/icons/add.svg	imported	apps/hepta-native/resources/icons/add.svg	100644	blob	17adbcd9297007502e0287cab64986de3425308d	00edb5228c9a8020ae85b292de59784ac9f45bee8327f041ffdca5e440654bad	00edb5228c9a8020ae85b292de59784ac9f45bee8327f041ffdca5e440654bad
resources/icons/add_attachment.svg	imported	apps/hepta-native/resources/icons/add_attachment.svg	100644	blob	949637c84bc929a33be80c5ccba05297daaab754	47d8ce0ec6bdb8b19d3750f4290d26cc55f870b55201d5fd752619e20f75646a	47d8ce0ec6bdb8b19d3750f4290d26cc55f870b55201d5fd752619e20f75646a
resources/icons/add_photo.svg	imported	apps/hepta-native/resources/icons/add_photo.svg	100644	blob	e80eb1160722993dad9c7516b36e6afbf295b024	084411eadfd71fde920e078f712e66cde8393d5566ed444035f8e369b24e0338	084411eadfd71fde920e078f712e66cde8393d5566ed444035f8e369b24e0338
resources/icons/add_reaction.svg	imported	apps/hepta-native/resources/icons/add_reaction.svg	100644	blob	963699482ae424522571669f92c9c2d99c81b4cf	a8939132048ea8842cd354242320a2153b0d3002ff777b7d07ce5d788ebf6d4c	a8939132048ea8842cd354242320a2153b0d3002ff777b7d07ce5d788ebf6d4c
resources/icons/add_user.svg	imported	apps/hepta-native/resources/icons/add_user.svg	100644	blob	640aa9d94aae4c5c81094dfaecce567a49483b15	239c509687ff689610236abd8b1e42e9dce883a202fa4d9c12f9286b5fde4d33	239c509687ff689610236abd8b1e42e9dce883a202fa4d9c12f9286b5fde4d33
resources/icons/add_wallet.svg	imported	apps/hepta-native/resources/icons/add_wallet.svg	100644	blob	a1b50372c33d5793663ade751abc88d2a1a509fb	a4cbc113eca07901c4585f69a34ed68cceca5ca93d4c6db416ffd7995bb6d8e7	a4cbc113eca07901c4585f69a34ed68cceca5ca93d4c6db416ffd7995bb6d8e7
resources/icons/checkmark.svg	imported	apps/hepta-native/resources/icons/checkmark.svg	100644	blob	1e8e409eb6b5a8176d2ea0213aa46c136f71d4d7	93264d1a3ed9170d4924bc37461e83384cbd5b65f4ec666037d67b301f0434d0	93264d1a3ed9170d4924bc37461e83384cbd5b65f4ec666037d67b301f0434d0
resources/icons/close.svg	imported	apps/hepta-native/resources/icons/close.svg	100644	blob	4d5ee5b1bcd2bbd501d05146ea22f46218f1cc92	799d486c0efa31b7f0aed71c9bce9bbba8dfb75439505bdf6a06a1755526e4b1	799d486c0efa31b7f0aed71c9bce9bbba8dfb75439505bdf6a06a1755526e4b1
resources/icons/cloud_checkmark.svg	imported	apps/hepta-native/resources/icons/cloud_checkmark.svg	100644	blob	eba2a612f6cb37d969b7f7a79fd07ad12a97ae31	22a4fb6e4c6304ecdee6e77135e548ddc40e24367ac7e0507edf3296ea81a3ea	22a4fb6e4c6304ecdee6e77135e548ddc40e24367ac7e0507edf3296ea81a3ea
resources/icons/cloud_offline.svg	imported	apps/hepta-native/resources/icons/cloud_offline.svg	100644	blob	602ff9014d74f933f52d2e502b797e4ae5cc5ba0	a0499a0a05292c44d003a16411e362367525258901cfe3615376866feac8b38d	a0499a0a05292c44d003a16411e362367525258901cfe3615376866feac8b38d
resources/icons/collapse.svg	imported	apps/hepta-native/resources/icons/collapse.svg	100644	blob	087d51f83ee0ecab2b384af2d9e28a5e9718db9c	e3c663cb7909fe0aba2f64b73be6c21089fb2e4665e217498d127474dbe3ce61	e3c663cb7909fe0aba2f64b73be6c21089fb2e4665e217498d127474dbe3ce61
resources/icons/copy.svg	imported	apps/hepta-native/resources/icons/copy.svg	100644	blob	ea7de3528263ae6f0dcee703d33d42c4f7c2924a	10a3ff82a76ebbf57c1463eccb9df411fc8ad72267a43049ebc07e25c735f8e8	10a3ff82a76ebbf57c1463eccb9df411fc8ad72267a43049ebc07e25c735f8e8
resources/icons/double_chat.svg	imported	apps/hepta-native/resources/icons/double_chat.svg	100644	blob	0aaeeac360fce01bc4be57dceb32a48818567f9f	30d0a32e1f4d07080bd8db42cae6dcda2d36833833ed468ed4fd0abed8c8231e	30d0a32e1f4d07080bd8db42cae6dcda2d36833833ed468ed4fd0abed8c8231e
resources/icons/download.svg	imported	apps/hepta-native/resources/icons/download.svg	100644	blob	46f9e6022dedd6689e408b8c54776e7e2bb85f12	003fd5f1e36984c82893ce255f82885f3fcd93aaade48f39dff21d7a81ae43e7	003fd5f1e36984c82893ce255f82885f3fcd93aaade48f39dff21d7a81ae43e7
resources/icons/edit.svg	imported	apps/hepta-native/resources/icons/edit.svg	100644	blob	7347db33245d214fcf14946259cd4cf0f241c4d7	200a997c49de5e0d75f9ea0e2c7c03df1bdf0f83d32c690cfc2bba83cad27d76	200a997c49de5e0d75f9ea0e2c7c03df1bdf0f83d32c690cfc2bba83cad27d76
resources/icons/external_link.svg	imported	apps/hepta-native/resources/icons/external_link.svg	100644	blob	c0a837f7c17222be4b98be67f7fef079bea48053	63c916f79d9161846a824273599e71dc43950c1259d2b32185f67faefc0a2f45	63c916f79d9161846a824273599e71dc43950c1259d2b32185f67faefc0a2f45
resources/icons/eye_closed.svg	imported	apps/hepta-native/resources/icons/eye_closed.svg	100644	blob	407e40da7c3cb9be0b336eca2aedb256939b638e	cded01391c51d6b6a6458dc1cdcc77821710cb3a11dfb2dd143916b8b9f66c2d	cded01391c51d6b6a6458dc1cdcc77821710cb3a11dfb2dd143916b8b9f66c2d
resources/icons/eye_open.svg	imported	apps/hepta-native/resources/icons/eye_open.svg	100644	blob	ae9fe3c5309218a0071f14c821f86169c6080f1c	b46d7e1a26f9333d3f661bc6f46399205df6a62c4a302cd7c31bdc2df10c6e95	b46d7e1a26f9333d3f661bc6f46399205df6a62c4a302cd7c31bdc2df10c6e95
resources/icons/file.svg	imported	apps/hepta-native/resources/icons/file.svg	100644	blob	8d7768fe5d266294a472e1f51d2ab8dd2a21d6fc	eec9e967665a3a6d15f86c81afe7d71a57995eef20c047127533dff444b51efa	eec9e967665a3a6d15f86c81afe7d71a57995eef20c047127533dff444b51efa
resources/icons/forbidden.svg	imported	apps/hepta-native/resources/icons/forbidden.svg	100644	blob	c1e69d5f76bf8c7cec9eb5511ee65e286541b098	a4a1900910d108bdf607ffe2c451daffcfa59ae5fe6a063aeba3dda7a7dbc08d	a4a1900910d108bdf607ffe2c451daffcfa59ae5fe6a063aeba3dda7a7dbc08d
resources/icons/go_back.svg	imported	apps/hepta-native/resources/icons/go_back.svg	100644	blob	07c293cf21d19c26ce8930dac493736fb504167f	d4e626e91c00f71009d381114c4036dbfa01f9e0643d8c0da7dfe4d8fdaa87cc	d4e626e91c00f71009d381114c4036dbfa01f9e0643d8c0da7dfe4d8fdaa87cc
resources/icons/hierarchy.svg	imported	apps/hepta-native/resources/icons/hierarchy.svg	100644	blob	3d6973fc813e160ed6ba6450db8cd2cd6c842ba0	50db5dedf0af597038ac3306204e657f02990f4d4caa02cb6f88b7b32861cc84	50db5dedf0af597038ac3306204e657f02990f4d4caa02cb6f88b7b32861cc84
resources/icons/home.svg	imported	apps/hepta-native/resources/icons/home.svg	100644	blob	5b5b85c8d38d91a5a0f53a9a7a2377179952070b	a786fa8f7f34396600fee5a66127f449170e069bac09f8fd018326ea9212c0b5	a786fa8f7f34396600fee5a66127f449170e069bac09f8fd018326ea9212c0b5
resources/icons/html_file.svg	imported	apps/hepta-native/resources/icons/html_file.svg	100644	blob	aab8af4f8b37aa30506d32d883fb8faf1f02a66b	114adb7d8e966922bb02ef38dc3ca938be74080608b5c69b014cdca14b51a027	114adb7d8e966922bb02ef38dc3ca938be74080608b5c69b014cdca14b51a027
resources/icons/import.svg	imported	apps/hepta-native/resources/icons/import.svg	100644	blob	b07d957e29bf1de6f23b2f1936618160feb82fab	335988b412b83d4cfb647721544dc918a19e5aa5b73d3d890ed05ea9e1d05c84	335988b412b83d4cfb647721544dc918a19e5aa5b73d3d890ed05ea9e1d05c84
resources/icons/info.svg	imported	apps/hepta-native/resources/icons/info.svg	100644	blob	8d6dad14f93e349d92fd0c09d82ae9fd5f665d55	dc5ae87eabd805470ee70e872a0b87fab09251e716e3bbc3f079fe8d3e905850	dc5ae87eabd805470ee70e872a0b87fab09251e716e3bbc3f079fe8d3e905850
resources/icons/invite.svg	imported	apps/hepta-native/resources/icons/invite.svg	100644	blob	95166ab83be28f0b2ae73f0b51e38e2be5160bcd	31a4c4c1705a9ef2e50b20814c09760a990e1f036b8c02905bcc54a1e2ebb374	31a4c4c1705a9ef2e50b20814c09760a990e1f036b8c02905bcc54a1e2ebb374
resources/icons/join_room.svg	imported	apps/hepta-native/resources/icons/join_room.svg	100644	blob	a5129cb073069e118849fb71c918bdc653f65644	04c6b105bd380ef5be8dcc6629a36e2b17489bd6fde4dfe4a7195e1aa5a9a558	04c6b105bd380ef5be8dcc6629a36e2b17489bd6fde4dfe4a7195e1aa5a9a558
resources/icons/link.svg	imported	apps/hepta-native/resources/icons/link.svg	100644	blob	7a9873cfe75ef725608d793b01d0dee3bbbc585a	3447a24710cc402dba6833ba4ea2c88885484a3984445fcbac7e002dafaf1545	3447a24710cc402dba6833ba4ea2c88885484a3984445fcbac7e002dafaf1545
resources/icons/location-pin.svg	imported	apps/hepta-native/resources/icons/location-pin.svg	100644	blob	06eb31a521ef2a5fcc6b098a9337b88592fe9c52	9c7277ef336691c3f278980d621410ee6fca4dbec115611cf9364e5833de53ed	9c7277ef336691c3f278980d621410ee6fca4dbec115611cf9364e5833de53ed
resources/icons/logout.svg	imported	apps/hepta-native/resources/icons/logout.svg	100644	blob	4147993dcdc827279117e4133d2b2838abc439df	39276a91d102c293f105de3c91a28c1f0491bba390ed4cb9974e00ac0bf19c2d	39276a91d102c293f105de3c91a28c1f0491bba390ed4cb9974e00ac0bf19c2d
resources/icons/menu.svg	imported	apps/hepta-native/resources/icons/menu.svg	100644	blob	8d7f4ba78b8b38960c7e24b4b13c86d86f98f460	4f49de5bd4156196e9d059d0262d66a854c4f9ca814138cc21a003549d3f8dd8	4f49de5bd4156196e9d059d0262d66a854c4f9ca814138cc21a003549d3f8dd8
resources/icons/pin.svg	imported	apps/hepta-native/resources/icons/pin.svg	100644	blob	a3805515fad22079f8972cc732390a7005a289c7	07b32ec0e37cb82334560bc9df56f78b764179a5914b8297a6e35067bd80d821	07b32ec0e37cb82334560bc9df56f78b764179a5914b8297a6e35067bd80d821
resources/icons/reply.svg	imported	apps/hepta-native/resources/icons/reply.svg	100644	blob	382b73af0154b20eeaa42be1181eaf87fbbd3cb0	42b95ad13e6b057a292757e70db81510fc6a3f7d28134e86101c6ee12a719e27	42b95ad13e6b057a292757e70db81510fc6a3f7d28134e86101c6ee12a719e27
resources/icons/rotate_left_fa.svg	imported	apps/hepta-native/resources/icons/rotate_left_fa.svg	100644	blob	a8b7e1c4ff4dd1658daa73339f07ca306bd48ebb	6108aefaf9a4bd37becf5e8096d2845d33d1377ca3007ae88aa655d1a120e080	6108aefaf9a4bd37becf5e8096d2845d33d1377ca3007ae88aa655d1a120e080
resources/icons/rotate_right_fa.svg	imported	apps/hepta-native/resources/icons/rotate_right_fa.svg	100644	blob	0c620a417e35bb44fb7736bafab6989d05c46169	05652e7a19bffb1a138c3e49fa8b41d0de2d91cef5f75aed3b27404d1975b780	05652e7a19bffb1a138c3e49fa8b41d0de2d91cef5f75aed3b27404d1975b780
resources/icons/search.svg	imported	apps/hepta-native/resources/icons/search.svg	100644	blob	a685692b87d36b34cc03c6ae31d12bba3e0511ae	c748360ebc60b5aaf72d9d1d13a200d39c73427ce9af2a9421e93d4926835902	c748360ebc60b5aaf72d9d1d13a200d39c73427ce9af2a9421e93d4926835902
resources/icons/send.svg	imported	apps/hepta-native/resources/icons/send.svg	100644	blob	f397a37712b568e743ac05acc67751cef32f056d	22d24c7889d40b8944f8acc28683751ff80191e197ec2a4533312a291e404d3c	22d24c7889d40b8944f8acc28683751ff80191e197ec2a4533312a291e404d3c
resources/icons/send_encrypted.svg	imported	apps/hepta-native/resources/icons/send_encrypted.svg	100644	blob	99fce6c47bae22deba2ea537327e294ea77f8a66	445d0fd216fce9679aa5d78345148772ed271bed7f9f964b365c426d640ef02d	445d0fd216fce9679aa5d78345148772ed271bed7f9f964b365c426d640ef02d
resources/icons/send_unencrypted.svg	imported	apps/hepta-native/resources/icons/send_unencrypted.svg	100644	blob	ad6ce21e5db36bd264099062489e6eceda65311f	c5ad7e0d89529796d495e21eb590912a0af326d5b5950752a5437e23a9665708	c5ad7e0d89529796d495e21eb590912a0af326d5b5950752a5437e23a9665708
resources/icons/settings.svg	imported	apps/hepta-native/resources/icons/settings.svg	100644	blob	f047ec0cda14f0704ec70a859595df6949c07a39	95feb66a405e253535fef55a2c515cbe6c3ae973d1d700cfeeafe6c517edf55a	95feb66a405e253535fef55a2c515cbe6c3ae973d1d700cfeeafe6c517edf55a
resources/icons/share.svg	imported	apps/hepta-native/resources/icons/share.svg	100644	blob	8f0de62c704e79a0804d6add08103f2712f2f69a	50f7d41e8f469aab129f2e0967511028618f6515a1dac549fe5b2373064db3a0	50f7d41e8f469aab129f2e0967511028618f6515a1dac549fe5b2373064db3a0
resources/icons/squares_filled.svg	imported	apps/hepta-native/resources/icons/squares_filled.svg	100644	blob	3f1788d816afc6949111a16da09364b2fafcc7f2	593fb6057be3a3e1e35a0ce632c44ac71d752e14f8612818d8e5ea4a648344ff	593fb6057be3a3e1e35a0ce632c44ac71d752e14f8612818d8e5ea4a648344ff
resources/icons/tombstone.svg	imported	apps/hepta-native/resources/icons/tombstone.svg	100644	blob	972a5274416c6a2887dd9dd45b5711dc3c2bb502	98a4e1597f38e1a0f098a2b079fc66bef67bf9d58ec19a655be6a659debb7427	98a4e1597f38e1a0f098a2b079fc66bef67bf9d58ec19a655be6a659debb7427
resources/icons/trash.svg	imported	apps/hepta-native/resources/icons/trash.svg	100644	blob	a0d8772bca0cad4b87e6350570888817f23d9227	8ce19094f1e668f084e45b41d48581b4b6b569ce5b8d351a687f0a1a5c5bd9da	8ce19094f1e668f084e45b41d48581b4b6b569ce5b8d351a687f0a1a5c5bd9da
resources/icons/triangle_down_fill.svg	imported	apps/hepta-native/resources/icons/triangle_down_fill.svg	100644	blob	70710b89b539b74e156b8580f3c43fbcd69c12f2	050999d38f744d3fa3b2a3cfc12e42ed44883b7fc4103e23f6173f6ec857ce09	050999d38f744d3fa3b2a3cfc12e42ed44883b7fc4103e23f6173f6ec857ce09
resources/icons/triangle_up_fill.svg	imported	apps/hepta-native/resources/icons/triangle_up_fill.svg	100644	blob	474c8bb47cccc8d96a4e0a1a6d2666e3190c073a	8f36f6c9656beee30cee2d996a72a126146013741ea66cc9161a455a3e60b1cc	8f36f6c9656beee30cee2d996a72a126146013741ea66cc9161a455a3e60b1cc
resources/icons/upload.svg	imported	apps/hepta-native/resources/icons/upload.svg	100644	blob	6664005db3d7df2852e7cee07bbfbc53de1b6715	c041c520de6a02a914214e22c36e0bfc962393e8b8c302882524954203de8b61	c041c520de6a02a914214e22c36e0bfc962393e8b8c302882524954203de8b61
resources/icons/verification_no.svg	imported	apps/hepta-native/resources/icons/verification_no.svg	100644	blob	7059a3018f93cf3022588626a47211c0b34f76c9	9a0822c41e3fd75414399d2e2639d3be11aa4eb24b68d94b61b5d8d1666548a4	9a0822c41e3fd75414399d2e2639d3be11aa4eb24b68d94b61b5d8d1666548a4
resources/icons/verification_no_bg.svg	imported	apps/hepta-native/resources/icons/verification_no_bg.svg	100644	blob	3bbd96faf0ef08724e25381ad26d5802834351e9	5fc5501bd43e0501a48c22b543b4fa9b548da3677b0600a30d766cc5a3ee7080	5fc5501bd43e0501a48c22b543b4fa9b548da3677b0600a30d766cc5a3ee7080
resources/icons/verification_unk.svg	imported	apps/hepta-native/resources/icons/verification_unk.svg	100644	blob	18b3e74702e08a67a4cef108aee8260ec047f765	f3b3a5643a5325c4cb820de0791aa54a143b1126cbc6e41c2eb897098142c101	f3b3a5643a5325c4cb820de0791aa54a143b1126cbc6e41c2eb897098142c101
resources/icons/verification_unk_bg.svg	imported	apps/hepta-native/resources/icons/verification_unk_bg.svg	100644	blob	1ef6a7633deac7c5fac3db3bf2e4bcef95970cfa	d3f505a4f361840a59310c5a88a0ec9107ee2192f87012197e69528e79ff750d	d3f505a4f361840a59310c5a88a0ec9107ee2192f87012197e69528e79ff750d
resources/icons/verification_yes.svg	imported	apps/hepta-native/resources/icons/verification_yes.svg	100644	blob	a5d028370f74973755d01e52067bfdad4d094127	5a85ce2b84615c5c3143efa917ab67c9062d8ea2c3da44765ebc8f8f58df4158	5a85ce2b84615c5c3143efa917ab67c9062d8ea2c3da44765ebc8f8f58df4158
resources/icons/verification_yes_bg.svg	imported	apps/hepta-native/resources/icons/verification_yes_bg.svg	100644	blob	473fb06a080a6e8e1e4c62f9dc809518b897df91	edcc0588eb376a138444eacc8d1ea33eeefcb7715cd1d0f08814bfaa38381f5a	edcc0588eb376a138444eacc8d1ea33eeefcb7715cd1d0f08814bfaa38381f5a
resources/icons/view_source.svg	imported	apps/hepta-native/resources/icons/view_source.svg	100644	blob	a44344268dd45c83a4bbdff8c0f9b864c1d3a279	0fade35417def98bb2c56041a1de15801cf07110dbedb4572f69cb2076d6454e	0fade35417def98bb2c56041a1de15801cf07110dbedb4572f69cb2076d6454e
resources/icons/warning.svg	imported	apps/hepta-native/resources/icons/warning.svg	100644	blob	e1d41ccb1193888a3df6a64d0abe569d1b5885a6	84d13626cf243339d6929df80568ebbeef801d4f8f98c5258ce84f8cbc777e66	84d13626cf243339d6929df80568ebbeef801d4f8f98c5258ce84f8cbc777e66
resources/icons/zoom_in.svg	imported	apps/hepta-native/resources/icons/zoom_in.svg	100644	blob	12aa6d085b487cf3d995259fee850f9441bacb1d	a3e2c5ae1b585a191f82ff2180f23a9661ccfc2ee4cdb28612460f3b9d079675	a3e2c5ae1b585a191f82ff2180f23a9661ccfc2ee4cdb28612460f3b9d079675
resources/icons/zoom_out.svg	imported	apps/hepta-native/resources/icons/zoom_out.svg	100644	blob	39419cae45d7196ef12d38667fe65598c1b459db	cc65af3930c702dfce70e8ef256f33569baea11c76b2697074b71ae26e461c82	cc65af3930c702dfce70e8ef256f33569baea11c76b2697074b71ae26e461c82
resources/img/apple.png	imported	apps/hepta-native/resources/img/apple.png	100644	blob	8ca0b3ff5b41751f2e73e39660c41820942e268b	1c097d1821597431bbd2d11a3f76b2fe8efb7dbb3b4f83ffec4d3da462b92d0c	1c097d1821597431bbd2d11a3f76b2fe8efb7dbb3b4f83ffec4d3da462b92d0c
resources/img/facebook.png	imported	apps/hepta-native/resources/img/facebook.png	100644	blob	ce34279d83ff66cd57214b2cb752ba28c75992cf	19f1484ca5a611331fa3e78a9a5cf7f4fca8eeb6fc92af2aee8014d5c0c94a43	19f1484ca5a611331fa3e78a9a5cf7f4fca8eeb6fc92af2aee8014d5c0c94a43
resources/img/github.png	imported	apps/hepta-native/resources/img/github.png	100644	blob	4708111fbf8041bc362ef2e0bc5c78c3928d04ab	516d7d15460ecc2f8523e9f76663fbe5ce3efc22304c7f8be26195dc3e1c8f47	516d7d15460ecc2f8523e9f76663fbe5ce3efc22304c7f8be26195dc3e1c8f47
resources/img/gitlab.png	imported	apps/hepta-native/resources/img/gitlab.png	100644	blob	9e6f42bf58640a338e79f40e11ee77c6a899f9f8	8031c183a4a04a1d86228f9450507dbc7347c89f9583f4b66d324fed295547bf	8031c183a4a04a1d86228f9450507dbc7347c89f9583f4b66d324fed295547bf
resources/img/google.png	imported	apps/hepta-native/resources/img/google.png	100644	blob	47c3d7258ee6f0acc15a4347515225204d214c42	34e039693b44798357b14eeab2a5c5179a5b49053c0db892d59e1521985622a2	34e039693b44798357b14eeab2a5c5179a5b49053c0db892d59e1521985622a2
resources/img/x.png	imported	apps/hepta-native/resources/img/x.png	100644	blob	38788d35ba4c706f902686e2771bb87456310ded	57717b2c4db47097098be188b9164632b0423e170cade1ab52eda7d405198eb3	57717b2c4db47097098be188b9164632b0423e170cade1ab52eda7d405198eb3
resources/robrix_logo_alpha.png	imported	apps/hepta-native/resources/robrix_logo_alpha.png	100644	blob	e0ba3a65f2218830d5151b2bb27db683187636ff	5c0edc7c0c2fe04fb7648ca268bb173b9cc429d1a70df0b45be642e41384e86a	5c0edc7c0c2fe04fb7648ca268bb173b9cc429d1a70df0b45be642e41384e86a
rust-toolchain.toml	imported	apps/hepta-native/rust-toolchain.toml	100644	blob	292fe499e3b25d42211661ba9c7fafe6120186ca	e5cc0545f232bde807bd9394c2433322d1cd2cf42b060ceab2ac7329bc9cdaa2	e5cc0545f232bde807bd9394c2433322d1cd2cf42b060ceab2ac7329bc9cdaa2
rustfmt.toml	imported	apps/hepta-native/rustfmt.toml	100644	blob	5a8ac04bf47b5030816aaf3b6ba3357915fe46f3	a7b4e523b8a79ec0f46cc06dd0f36504ea7f30b57c1a9d143b3ab7d3f4a399e6	a7b4e523b8a79ec0f46cc06dd0f36504ea7f30b57c1a9d143b3ab7d3f4a399e6
src/app.rs	imported	apps/hepta-native/src/app.rs	100644	blob	8ba3c82a7b084240fa934dd180de9df9a3cae718	451b3ec0232c5865306a8a06a7996eaa88495586b90635afcd06ba7ee533e4e0	451b3ec0232c5865306a8a06a7996eaa88495586b90635afcd06ba7ee533e4e0
src/avatar_cache.rs	imported	apps/hepta-native/src/avatar_cache.rs	100644	blob	11b9aa41600fb087df581d6a9f9f6eadc1bdbbf5	4dcf23792e3d0881498e12a80916f514e43a16e24b60557074cf11206eadd323	4dcf23792e3d0881498e12a80916f514e43a16e24b60557074cf11206eadd323
src/event_preview.rs	imported	apps/hepta-native/src/event_preview.rs	100644	blob	71838c271ed89a2104f0f55a71fb6aea336729cc	12fbf59c863d56b06294c6395b9ef6364a4a87a29759ab348f3fd3e09e43b1f4	12fbf59c863d56b06294c6395b9ef6364a4a87a29759ab348f3fd3e09e43b1f4
src/home/add_room.rs	imported	apps/hepta-native/src/home/add_room.rs	100644	blob	5ce56ea506949b091f0b6700b1121ae11e595a5f	9a95ab36e917726d065987f44cee38c09029f74fda2e72dcfa8e5a62145af8bb	9a95ab36e917726d065987f44cee38c09029f74fda2e72dcfa8e5a62145af8bb
src/home/edited_indicator.rs	imported	apps/hepta-native/src/home/edited_indicator.rs	100644	blob	332c7ce586f6475e26d93cfd7c9d19b91bae7647	1b240120f7dfc4575ee6aaeba5e523a507438c93d49b4745b863bab1c94433ca	1b240120f7dfc4575ee6aaeba5e523a507438c93d49b4745b863bab1c94433ca
src/home/editing_pane.rs	imported	apps/hepta-native/src/home/editing_pane.rs	100644	blob	47b1258a3264e4e70b63dd94e972dea289488442	888e5f72bf017b3ea61062ae0bb94ce3228e8d0bd0c0ae97d8a951cd6d5240a3	888e5f72bf017b3ea61062ae0bb94ce3228e8d0bd0c0ae97d8a951cd6d5240a3
src/home/event_reaction_list.rs	imported	apps/hepta-native/src/home/event_reaction_list.rs	100644	blob	06ee5631fa53e950ebb84ad3afe60e179def24dc	f358bac287254960246a54cc2617daf6df9bc9a6be5f50dc5f51965d9fc8a10d	f358bac287254960246a54cc2617daf6df9bc9a6be5f50dc5f51965d9fc8a10d
src/home/event_source_modal.rs	imported	apps/hepta-native/src/home/event_source_modal.rs	100644	blob	13e177943e5ab40a6e2e8c6c81b172025d1d0634	b50a485a0e45c1da1875119638f212258f9a0b1b4fdcd4e24ba4a825176ee40c	b50a485a0e45c1da1875119638f212258f9a0b1b4fdcd4e24ba4a825176ee40c
src/home/home_screen.rs	imported	apps/hepta-native/src/home/home_screen.rs	100644	blob	25085f1573827529a7c18aa7d9911296704967b9	555ccd7b26d86075d5289ac11f2592fd4406018dd38f2d8fccc85c204c3c8973	555ccd7b26d86075d5289ac11f2592fd4406018dd38f2d8fccc85c204c3c8973
src/home/invite_modal.rs	imported	apps/hepta-native/src/home/invite_modal.rs	100644	blob	14024137654a1477de600cb499b341c31437c77a	a3c602a3e7c63501bd1133ca59d317d72842f88e9a1e3cfab359188e0a1e0154	a3c602a3e7c63501bd1133ca59d317d72842f88e9a1e3cfab359188e0a1e0154
src/home/invite_screen.rs	imported	apps/hepta-native/src/home/invite_screen.rs	100644	blob	a4bab8ff10058e1b1bc6257ae28bef4753ee8859	e535882127020874db6aa2b3b4d5c8aa258d21fb88bcf9b10579837ce44e0d0b	e535882127020874db6aa2b3b4d5c8aa258d21fb88bcf9b10579837ce44e0d0b
src/home/light_themed_dock.rs	imported	apps/hepta-native/src/home/light_themed_dock.rs	100644	blob	0ee9c7ed515f2c33fd5d0296b6660a2280cf6061	9a49c73804734457c30b9013d7a80df5436afb076235f5e0b1e843f94e789876	9a49c73804734457c30b9013d7a80df5436afb076235f5e0b1e843f94e789876
src/home/link_preview.rs	imported	apps/hepta-native/src/home/link_preview.rs	100644	blob	ec5e50be3b71140c2ab36c9557b2c5c610da86b7	d4acbad3714b7aa26409a57ec39520751b1aa5b8a5555edc422ad2b8c2f13d5a	d4acbad3714b7aa26409a57ec39520751b1aa5b8a5555edc422ad2b8c2f13d5a
src/home/loading_pane.rs	imported	apps/hepta-native/src/home/loading_pane.rs	100644	blob	cea03385a2f08e85ce73d1c7822eac0e6aa03287	559c08850a17a01db6be9a50e6f50fed3199d66e846ba5124e3defd26da3a214	559c08850a17a01db6be9a50e6f50fed3199d66e846ba5124e3defd26da3a214
src/home/location_preview.rs	imported	apps/hepta-native/src/home/location_preview.rs	100644	blob	f549e11c2dc0ed153b99a5739d5012bea1eee3dc	9e2067ea8cccd1274bfe97c4dd6be927c731c8b2a7f437c084fc60d8b2608128	9e2067ea8cccd1274bfe97c4dd6be927c731c8b2a7f437c084fc60d8b2608128
src/home/main_desktop_ui.rs	imported	apps/hepta-native/src/home/main_desktop_ui.rs	100644	blob	82527462583de02365bb42470a937d87bd731e77	09b0ba6f90939658f3bf5561b9c675e58cf9ff232efe2416944d8499849ce478	09b0ba6f90939658f3bf5561b9c675e58cf9ff232efe2416944d8499849ce478
src/home/main_mobile_ui.rs	imported	apps/hepta-native/src/home/main_mobile_ui.rs	100644	blob	f06118447ac4ca3c8340576f84bad10e1f9c9093	6bb4b9fd5e13705ebc3ab0ff52a72192a176b5f4c512c3a5addb68b29f538359	6bb4b9fd5e13705ebc3ab0ff52a72192a176b5f4c512c3a5addb68b29f538359
src/home/mod.rs	imported	apps/hepta-native/src/home/mod.rs	100644	blob	b96ee09928f771aeb81a0f1d70bb38f1fbee5a6e	eefdd7306f72753596bbd8152e0bc7b808eb4bed3aa34a65a69e7f9463854566	eefdd7306f72753596bbd8152e0bc7b808eb4bed3aa34a65a69e7f9463854566
src/home/navigation_tab_bar.rs	imported	apps/hepta-native/src/home/navigation_tab_bar.rs	100644	blob	05046f35cbf96d366f106c448247bf62ba02ca42	6486e11406f3a4eb21e436f5c39959d3ea97715de66961a4a73598f7d523aa23	6486e11406f3a4eb21e436f5c39959d3ea97715de66961a4a73598f7d523aa23
src/home/new_message_context_menu.rs	imported	apps/hepta-native/src/home/new_message_context_menu.rs	100644	blob	6fdad13479d20c75d7e81d8fc2686ffa8008c2c3	22a0c6463b7dfa2cdf326dc5a12c3fd1acd27eb3337dd6092cc2403828f358c5	22a0c6463b7dfa2cdf326dc5a12c3fd1acd27eb3337dd6092cc2403828f358c5
src/home/room_context_menu.rs	imported	apps/hepta-native/src/home/room_context_menu.rs	100644	blob	bd07a70487cffe51f388c8b507ebb3c3e5db3d73	71312c3cab511729036f96c7e3a5c7bac5ed9e6d756b2796afb30b9b5f917f83	71312c3cab511729036f96c7e3a5c7bac5ed9e6d756b2796afb30b9b5f917f83
src/home/room_image_viewer.rs	imported	apps/hepta-native/src/home/room_image_viewer.rs	100644	blob	4f1a1c707b7737b36c140685b1c9b1cee2622e1f	eaa76120071b3774761eeb09a8cbeb052fc5e8fd4f0c2aa1be1eb42124476a80	eaa76120071b3774761eeb09a8cbeb052fc5e8fd4f0c2aa1be1eb42124476a80
src/home/room_read_receipt.rs	imported	apps/hepta-native/src/home/room_read_receipt.rs	100644	blob	bd8a42062a32152aa6238a990e5f8b9e154b9bd6	76af4ad86df74e0e26b8f24f039bc3f78dc8c8b82fcde68bd1f086d4fc8ffaa9	76af4ad86df74e0e26b8f24f039bc3f78dc8c8b82fcde68bd1f086d4fc8ffaa9
src/home/room_screen.rs	imported	apps/hepta-native/src/home/room_screen.rs	100644	blob	206b7c05bb9f30ba75a293ff1399ddf7d3342e55	9e6932a9e26c7c6c62c6db0121b2d5e876fd41a9d649d5483d43f85a5d4c85ce	9e6932a9e26c7c6c62c6db0121b2d5e876fd41a9d649d5483d43f85a5d4c85ce
src/home/rooms_list.rs	imported	apps/hepta-native/src/home/rooms_list.rs	100644	blob	f27577d56fa2f3b513e3bb625223f6948b130ee6	bbcb02709741c71bfc3140f67442d981bba0d92a3a492c40d23d05974a5aab88	bbcb02709741c71bfc3140f67442d981bba0d92a3a492c40d23d05974a5aab88
src/home/rooms_list_entry.rs	imported	apps/hepta-native/src/home/rooms_list_entry.rs	100644	blob	d7cc4aa487fc238f7aabd7159f3726333dd0f718	d5c70953f5c41b035bc0898dfe23315d41a50ad8182218f82358ee9af9af0767	d5c70953f5c41b035bc0898dfe23315d41a50ad8182218f82358ee9af9af0767
src/home/rooms_list_header.rs	imported	apps/hepta-native/src/home/rooms_list_header.rs	100644	blob	dccf8eabc79fb3b01353fe82a53587010aaada8a	99b0a6204e8448d36a940482d76090396cfd42e580f555954a42a289e7884c6e	99b0a6204e8448d36a940482d76090396cfd42e580f555954a42a289e7884c6e
src/home/rooms_sidebar.rs	imported	apps/hepta-native/src/home/rooms_sidebar.rs	100644	blob	bd15f8e9366691945adf8c4b52074b6dacd785c6	e53c46b55a8cb50c4e72d04d690f191e3dfab8ef245c27819e22d121f776b7ce	e53c46b55a8cb50c4e72d04d690f191e3dfab8ef245c27819e22d121f776b7ce
src/home/search_messages.rs	imported	apps/hepta-native/src/home/search_messages.rs	100644	blob	5228ca1293a8e8cbef25cc6e4dc3c1642a6d5e58	b466b9bad74952f47dc3a7505237b23a93f02a45fa2d2ee57392a5977f3d8407	b466b9bad74952f47dc3a7505237b23a93f02a45fa2d2ee57392a5977f3d8407
src/home/space_lobby.rs	imported	apps/hepta-native/src/home/space_lobby.rs	100644	blob	e45a545b061818639d0f2dd4857e09d4bbf5fbe1	51963e8cfcfbeaeb79f3ef215b89d33824275d00822b4fc473591e8d0941e8bc	51963e8cfcfbeaeb79f3ef215b89d33824275d00822b4fc473591e8d0941e8bc
src/home/spaces_bar.rs	imported	apps/hepta-native/src/home/spaces_bar.rs	100644	blob	0450cf0e97c479ec9a8472365089d18e793dbf25	a991cf9489192bc4bb5d9ec5e13cda8cf994d7baa782804ecacf09ada9ae3e3c	a991cf9489192bc4bb5d9ec5e13cda8cf994d7baa782804ecacf09ada9ae3e3c
src/home/tombstone_footer.rs	imported	apps/hepta-native/src/home/tombstone_footer.rs	100644	blob	c055f50e9e233f192aeb22be1c18140b8441616d	d8bee84d6a0a5b9dc0877173a10fa25cbf81a002d1a2f80553225180e83c49e3	d8bee84d6a0a5b9dc0877173a10fa25cbf81a002d1a2f80553225180e83c49e3
src/home/upload_progress.rs	imported	apps/hepta-native/src/home/upload_progress.rs	100644	blob	d0ab8555cebcf24ea680123ba6c668d81f9b4d91	bd2f6704a462780abc621587585db9aaf60065e3761e5d7f1cdb06cdb44eeea7	bd2f6704a462780abc621587585db9aaf60065e3761e5d7f1cdb06cdb44eeea7
src/home/welcome_screen.rs	imported	apps/hepta-native/src/home/welcome_screen.rs	100644	blob	2d476ef9cb2f50e3df3c557ee8038f5f8b86700f	c74699676a4c4e5f8c2917f9b76912411c0bd5441650e9fa2016af8fc58e23bf	c74699676a4c4e5f8c2917f9b76912411c0bd5441650e9fa2016af8fc58e23bf
src/image_utils.rs	imported	apps/hepta-native/src/image_utils.rs	100644	blob	4c4d4ab3430baf8c3b0a636b299932332f23edc3	2ef281b7b797486c95a0f5cd137c304b259ca57ea4114945abf9f0e055f36483	2ef281b7b797486c95a0f5cd137c304b259ca57ea4114945abf9f0e055f36483
src/join_leave_room_modal.rs	imported	apps/hepta-native/src/join_leave_room_modal.rs	100644	blob	948e8a9fe0738b21219847ad6ff23391ada3913f	304b1844e3cc15f4bbe53e549f5f86902273d57ec4fa654a072778fc1183d39d	304b1844e3cc15f4bbe53e549f5f86902273d57ec4fa654a072778fc1183d39d
src/lib.rs	imported	apps/hepta-native/src/lib.rs	100644	blob	24bbaa3d59d6e67a6064f18071ed38a1747830eb	5d2d2c34d8e20d222419e840fd216d5dfff1d472a86e5ee3672fc5a6ae710254	5d2d2c34d8e20d222419e840fd216d5dfff1d472a86e5ee3672fc5a6ae710254
src/location.rs	imported	apps/hepta-native/src/location.rs	100644	blob	7c6feef783847205e07f12ec9ff22304bc87ba92	ad40e3dfa608e5ba231744e55e1f018bcba4c442473ed2ac69dcfa9918ae80c3	ad40e3dfa608e5ba231744e55e1f018bcba4c442473ed2ac69dcfa9918ae80c3
src/login/login_screen.rs	imported	apps/hepta-native/src/login/login_screen.rs	100644	blob	b950c659c8f18cd001f14b4b86b1f14d29bdddba	804dd2474b10c3850e0f5e4d6c25d80983692d1b813b476ae9816254a715f5cd	804dd2474b10c3850e0f5e4d6c25d80983692d1b813b476ae9816254a715f5cd
src/login/login_status_modal.rs	imported	apps/hepta-native/src/login/login_status_modal.rs	100644	blob	87fabe14643f81e96c1fa6dad5a21f4b88a0735e	6b806cd2a6e23a5f0d6c340ebb03fe2031d05ca7d1fa41703c6068af9dc1c166	6b806cd2a6e23a5f0d6c340ebb03fe2031d05ca7d1fa41703c6068af9dc1c166
src/login/mod.rs	imported	apps/hepta-native/src/login/mod.rs	100644	blob	13d5b39bd21392d6377b29cc7b4c2f04f7b81775	2c9ee416892a9abacaa12705e0b7ab6cf9986dd66b6999591964c383e682f20b	2c9ee416892a9abacaa12705e0b7ab6cf9986dd66b6999591964c383e682f20b
src/logout/logout_confirm_modal.rs	imported	apps/hepta-native/src/logout/logout_confirm_modal.rs	100644	blob	07c768d7b33ee5b98af771ead6e1905a94c06b58	a6f6f432e4244580e28cb889dff2983beed2ff47b4cc0c9be09c5828215d22ab	a6f6f432e4244580e28cb889dff2983beed2ff47b4cc0c9be09c5828215d22ab
src/logout/logout_errors.rs	imported	apps/hepta-native/src/logout/logout_errors.rs	100644	blob	a3be78c09387710aeb00ec69cd916de06a923815	1733f99b4381743ca7764abe791b5ce617d56585b741107769ef9d77d015683a	1733f99b4381743ca7764abe791b5ce617d56585b741107769ef9d77d015683a
src/logout/logout_state_machine.rs	imported	apps/hepta-native/src/logout/logout_state_machine.rs	100644	blob	0038feb99b76fb02773eb2f72f67ca96fbbe5302	899f235e75ffff00c84e311ea40ca601980050c35dded47521379a62a2206168	899f235e75ffff00c84e311ea40ca601980050c35dded47521379a62a2206168
src/logout/mod.rs	imported	apps/hepta-native/src/logout/mod.rs	100644	blob	9112d192ddb470be39d77f962e5a10139588f422	f87ed368d4c4d5d3182223ebb85968273b7f92d9fa3f142641778bb6529ba9e3	f87ed368d4c4d5d3182223ebb85968273b7f92d9fa3f142641778bb6529ba9e3
src/main.rs	imported	apps/hepta-native/src/main.rs	100644	blob	98d1c7cbc3fc582c9eb193d156f902e9e9bc56b8	bdd2247342af2e5227bc7017554017891c9a7a2226386d6dd6ed9cca24ed0a88	bdd2247342af2e5227bc7017554017891c9a7a2226386d6dd6ed9cca24ed0a88
src/media_cache.rs	imported	apps/hepta-native/src/media_cache.rs	100644	blob	428bcab3d5f913bfc00cc812fa5ed0fed0b4620e	2eb7bf4293dd1b29db4cdfe7d243953d814f6ced8c535868b92c0eea7341b489	2eb7bf4293dd1b29db4cdfe7d243953d814f6ced8c535868b92c0eea7341b489
src/persistence/app_state.rs	imported	apps/hepta-native/src/persistence/app_state.rs	100644	blob	4429ad22d3b1976f65cb2d9c72f2c119d64b36e6	61e7d9219531677aee69efce03e395cdeb347cfd5560374a2a29549f3a38f47f	61e7d9219531677aee69efce03e395cdeb347cfd5560374a2a29549f3a38f47f
src/persistence/matrix_state.rs	imported	apps/hepta-native/src/persistence/matrix_state.rs	100644	blob	1bb605ccfdddb49f3e4c518a64045027c1175e0a	e911a624f5f26127ad2fac92d7aaea2cb2a941ff38b573994b9ae403114b32f8	e911a624f5f26127ad2fac92d7aaea2cb2a941ff38b573994b9ae403114b32f8
src/persistence/mod.rs	imported	apps/hepta-native/src/persistence/mod.rs	100644	blob	e3db2ca344d6bb2f02e520869ca522a7a5037c3e	6abfee523c26c9be6a577f328d1a8f2e09e546f1d18d75149216715d7bfdb722	6abfee523c26c9be6a577f328d1a8f2e09e546f1d18d75149216715d7bfdb722
src/persistence/tsp_state.rs	imported	apps/hepta-native/src/persistence/tsp_state.rs	100644	blob	8f50d8e5ab6f4fc41d37baf469a3d07cb5017b81	f5e02fedb3467f7fed59f0155642c89c0da2f648e4f88999cffa4a3c7dabbf33	f5e02fedb3467f7fed59f0155642c89c0da2f648e4f88999cffa4a3c7dabbf33
src/profile/mod.rs	imported	apps/hepta-native/src/profile/mod.rs	100644	blob	30b3576e8516dcad3bd74ab2239c18ac259de873	9fc1cf5bfa13149ac4bee83572d96d98686ab3ce33093e4180a29070ae101536	9fc1cf5bfa13149ac4bee83572d96d98686ab3ce33093e4180a29070ae101536
src/profile/user_profile.rs	imported	apps/hepta-native/src/profile/user_profile.rs	100644	blob	a7a98be1888c0011501f2ffc4d187e3972e87e92	48bc798f5ec7ac407ab4ca90f4166a5b3e7a5fe9b87a535bc5b1f2b3333dc411	48bc798f5ec7ac407ab4ca90f4166a5b3e7a5fe9b87a535bc5b1f2b3333dc411
src/profile/user_profile_cache.rs	imported	apps/hepta-native/src/profile/user_profile_cache.rs	100644	blob	ae88d8a285e4200fb8c00c21deadddac8427e2c8	f9b5f0c6eb418baa5af485050b14aa28f8fdabfc5170e888cf4ee5f77c2e0f50	f9b5f0c6eb418baa5af485050b14aa28f8fdabfc5170e888cf4ee5f77c2e0f50
src/room/mod.rs	imported	apps/hepta-native/src/room/mod.rs	100644	blob	740c086410a58d591a5a04b1cdd50e60045e409f	f6ebb98aabab0efd93c636854da6f1d3d60e356b9e4c4b02d16d48949379fb85	f6ebb98aabab0efd93c636854da6f1d3d60e356b9e4c4b02d16d48949379fb85
src/room/reply_preview.rs	imported	apps/hepta-native/src/room/reply_preview.rs	100644	blob	5836c6812c7cf90bb6e327c757d8b4eafe6baa4e	a6c0c450fdbb8f2140455c950523ce5a719e81d56659d86cf1df5cf27c2fca31	a6c0c450fdbb8f2140455c950523ce5a719e81d56659d86cf1df5cf27c2fca31
src/room/room_display_filter.rs	imported	apps/hepta-native/src/room/room_display_filter.rs	100644	blob	af42d4d30538432bd1e751d9bc3bc88787909953	dd761630376e5510bc3ace8ef6d78fa2c199f10be9c30290515a1b5020529683	dd761630376e5510bc3ace8ef6d78fa2c199f10be9c30290515a1b5020529683
src/room/room_input_bar.rs	imported	apps/hepta-native/src/room/room_input_bar.rs	100644	blob	609c7c6b075e39f12c6778cdaf860aaed331feac	287e2d746e3d48c760321adf0ce7305b9c4c9664204144cb14378349bec4fb5b	287e2d746e3d48c760321adf0ce7305b9c4c9664204144cb14378349bec4fb5b
src/room/typing_notice.rs	imported	apps/hepta-native/src/room/typing_notice.rs	100644	blob	ba76a80f4059797a1d63ba1f6b85fb0060698b73	38d73ba6faf60f3ec9037f2f2959ea38d68fba968d28b1b9eee4fbe6274ecff8	38d73ba6faf60f3ec9037f2f2959ea38d68fba968d28b1b9eee4fbe6274ecff8
src/room_preview_cache.rs	imported	apps/hepta-native/src/room_preview_cache.rs	100644	blob	5e83627db6fdc803a9ccb046b7f23195b59fed6a	a8a8057ae34bcfc667d21f508ef8a50539495a140b17fd6ff24b43480ff3246a	a8a8057ae34bcfc667d21f508ef8a50539495a140b17fd6ff24b43480ff3246a
src/settings/about_settings.rs	imported	apps/hepta-native/src/settings/about_settings.rs	100644	blob	aef2b741862ce4190fe112f553bc664017a4dccb	72ebbf65f638aae352f900e4350bcebc51e982377dd2e75c5c1e77ed7298dcc3	72ebbf65f638aae352f900e4350bcebc51e982377dd2e75c5c1e77ed7298dcc3
src/settings/account_settings.rs	imported	apps/hepta-native/src/settings/account_settings.rs	100644	blob	4dc44352decd3ae31eb2cc0c98691fb0915e5b2a	e833e7280d5611bbd1a10fb5ce18c5920fe40571bbc03c7793ae54d02020bebb	e833e7280d5611bbd1a10fb5ce18c5920fe40571bbc03c7793ae54d02020bebb
src/settings/app_preferences.rs	imported	apps/hepta-native/src/settings/app_preferences.rs	100644	blob	2dabc0a8cd55aa74a182ba386a20bcd32a4a0fa4	dfa71146aa1c0dcc092d951a685012a0cc63fea7854224b0dd48b74a040a4866	dfa71146aa1c0dcc092d951a685012a0cc63fea7854224b0dd48b74a040a4866
src/settings/app_settings.rs	imported	apps/hepta-native/src/settings/app_settings.rs	100644	blob	3ecfc1deae743eeeb4e98c25e694f3712c3fd6f5	2cda6a9b74cd58cf958924f5f8e2dc606f34f6869c2c797096c095f4cb3dc56f	2cda6a9b74cd58cf958924f5f8e2dc606f34f6869c2c797096c095f4cb3dc56f
src/settings/mod.rs	imported	apps/hepta-native/src/settings/mod.rs	100644	blob	8341a0fae744cd05231ad9dd2a15186004828a47	f9d3d272e71fd54a621063f48bac007529928a9aa4f49078c39e9ad1f27eb3ce	f9d3d272e71fd54a621063f48bac007529928a9aa4f49078c39e9ad1f27eb3ce
src/settings/settings_screen.rs	imported	apps/hepta-native/src/settings/settings_screen.rs	100644	blob	319ad9c8f48a140196359e7b6d37cb9d4e9a3804	1a91b1ab240bcf54d2868486ec1078bbc49aa612d755006fd07cdf2cc700878b	1a91b1ab240bcf54d2868486ec1078bbc49aa612d755006fd07cdf2cc700878b
src/shared/attachment_download.rs	imported	apps/hepta-native/src/shared/attachment_download.rs	100644	blob	7f860974450855bcc56ddcba66a090f201943f83	4a2c3655495dda36a57e208ebbf628a25c3dbe58eb614b88ad9e727ca0dcc828	4a2c3655495dda36a57e208ebbf628a25c3dbe58eb614b88ad9e727ca0dcc828
src/shared/avatar.rs	imported	apps/hepta-native/src/shared/avatar.rs	100644	blob	0e2b5651e3c494888f6b2f2a84e508d500294acf	bcfcb0f67fc67c47cc0f8c5a5add7ee6041a3c7f46ef9e6155032698cdc2c869	bcfcb0f67fc67c47cc0f8c5a5add7ee6041a3c7f46ef9e6155032698cdc2c869
src/shared/bouncing_dots.rs	imported	apps/hepta-native/src/shared/bouncing_dots.rs	100644	blob	5b8e7902451489a99735e18d3bf7c2e0241a9ed9	9d90d253462d3dac881fb4d724fae01336119927848cdc3c71a13addde44ae2d	9d90d253462d3dac881fb4d724fae01336119927848cdc3c71a13addde44ae2d
src/shared/collapsible_header.rs	imported	apps/hepta-native/src/shared/collapsible_header.rs	100644	blob	30859103b91cbdb52d4be4e93c394862ecc71dbf	43f4491153c9bf0866f24a729a2e6a407eca720eaf00ba0cd5ab57d19a9412c3	43f4491153c9bf0866f24a729a2e6a407eca720eaf00ba0cd5ab57d19a9412c3
src/shared/confirmation_modal.rs	imported	apps/hepta-native/src/shared/confirmation_modal.rs	100644	blob	0586bb819f0f5201876830a2c271d91bfaf452e9	271431df5a3d07ab13a55bb5550525e4b6611a97d009b362dcda7959d73dc06b	271431df5a3d07ab13a55bb5550525e4b6611a97d009b362dcda7959d73dc06b
src/shared/expand_arrow.rs	imported	apps/hepta-native/src/shared/expand_arrow.rs	100644	blob	4528568d797efe68954c996a88fed57436779123	49db62a2153ba952076a56d6aa09e3c8023a41374ed7d27b8d30f4117f39b158	49db62a2153ba952076a56d6aa09e3c8023a41374ed7d27b8d30f4117f39b158
src/shared/file_upload_modal.rs	imported	apps/hepta-native/src/shared/file_upload_modal.rs	100644	blob	c994ad66632e8764af47875b2b7ffa9c156c1c88	75d8ed9a56fafad3f550a0aa0fcbd0c8f7b1bb3cfc21c8d68c3cc03226febe3d	75d8ed9a56fafad3f550a0aa0fcbd0c8f7b1bb3cfc21c8d68c3cc03226febe3d
src/shared/helpers.rs	imported	apps/hepta-native/src/shared/helpers.rs	100644	blob	569f2b8e1711cf764f2c964c5638f960c19cb695	0036d75002a9b0a69d8678742a8cd93c720538d005b04e2ee4ec8505f39d0421	0036d75002a9b0a69d8678742a8cd93c720538d005b04e2ee4ec8505f39d0421
src/shared/html_or_plaintext.rs	imported	apps/hepta-native/src/shared/html_or_plaintext.rs	100644	blob	dfed573013f419530c97fc4f369a17e75058fac9	f1cce6f6f7d5763d671b2c12378bfeb28d6a620410a47d94953227cafe1c504a	f1cce6f6f7d5763d671b2c12378bfeb28d6a620410a47d94953227cafe1c504a
src/shared/icon_button.rs	imported	apps/hepta-native/src/shared/icon_button.rs	100644	blob	33330fe44d6605e389770f4d11cfd52692745f9f	484ebaf2620e395f8ebb2ae7a6f4a983d493c1d563c9fb770aeefadc5509f6dc	484ebaf2620e395f8ebb2ae7a6f4a983d493c1d563c9fb770aeefadc5509f6dc
src/shared/image_viewer.rs	imported	apps/hepta-native/src/shared/image_viewer.rs	100644	blob	f83d7d0ef2ea5840eddd77d148fd0ba93ef4f6ba	a3640433767980d87943f5a5525d54dbc08bc3cee417f2f2fa84fadcb6cafb2f	a3640433767980d87943f5a5525d54dbc08bc3cee417f2f2fa84fadcb6cafb2f
src/shared/jump_to_bottom_button.rs	imported	apps/hepta-native/src/shared/jump_to_bottom_button.rs	100644	blob	880e69a03c2355b2b121d678fffc4f5d45a4c9b5	6f15934da889f682e96570fd64acdde489d13739c4b495e74942127d3b748240	6f15934da889f682e96570fd64acdde489d13739c4b495e74942127d3b748240
src/shared/mention_popup.rs	imported	apps/hepta-native/src/shared/mention_popup.rs	100644	blob	a97e0840f9829f0aa145a1c3569516400bb17da3	db676ef0fa9dd77ccb8f1162eb3636ab940d49c765ef24ce427e079bfa2f4e6b	db676ef0fa9dd77ccb8f1162eb3636ab940d49c765ef24ce427e079bfa2f4e6b
src/shared/mentionable_text_input.rs	imported	apps/hepta-native/src/shared/mentionable_text_input.rs	100644	blob	828cf3daff7adf0a46fd91d2da06aa85bcfb755b	6ee7d6b19dab7f6ecb383ea29150534122076ea6b60cd00f8a26cef439e0492f	6ee7d6b19dab7f6ecb383ea29150534122076ea6b60cd00f8a26cef439e0492f
src/shared/mod.rs	imported	apps/hepta-native/src/shared/mod.rs	100644	blob	11fc18969871a7245e573fc154d4437450935f8c	53b4da60f05850c22e083aea9a60f90d99666da87e22385de80bfaf4c697e8d5	53b4da60f05850c22e083aea9a60f90d99666da87e22385de80bfaf4c697e8d5
src/shared/navigation_bar_button.rs	imported	apps/hepta-native/src/shared/navigation_bar_button.rs	100644	blob	dd5d7c754b54807217a317002213e6fe381c5826	8f375a3a361a0a6175703671e4f0c1e79267836ef5949842085cb69d769ae1a6	8f375a3a361a0a6175703671e4f0c1e79267836ef5949842085cb69d769ae1a6
src/shared/popup_list.rs	imported	apps/hepta-native/src/shared/popup_list.rs	100644	blob	89121a8570fa8cad2c816716b227a9f392d5654c	594e22559f59574c88e2fe09c22a5ac4758c870b4e29fc54a516925da1bc9936	594e22559f59574c88e2fe09c22a5ac4758c870b4e29fc54a516925da1bc9936
src/shared/progress_bar.rs	imported	apps/hepta-native/src/shared/progress_bar.rs	100644	blob	9a91b3d95a5f22b2650cd8fbf54d980e53dab63e	37ae3e3b03cdfa467c127641ab70bbb70211433f8ade33ae7d94a4ae7494abe2	37ae3e3b03cdfa467c127641ab70bbb70211433f8ade33ae7d94a4ae7494abe2
src/shared/restore_status_view.rs	imported	apps/hepta-native/src/shared/restore_status_view.rs	100644	blob	5e1e89b291be170e404b36a4b35082b5f7f92e56	4e3acf1913556245180df7c18f9c66036ab4d35f1baead141d2bba30e36f58a9	4e3acf1913556245180df7c18f9c66036ab4d35f1baead141d2bba30e36f58a9
src/shared/room_filter_input_bar.rs	imported	apps/hepta-native/src/shared/room_filter_input_bar.rs	100644	blob	0b6a45e238f023816529b724a24bbf2a4a07f492	8a434cad3c419ba01e0c67fa6dc576a5f65f36b1f7d0e9aaf87c752a7ce6d11f	8a434cad3c419ba01e0c67fa6dc576a5f65f36b1f7d0e9aaf87c752a7ce6d11f
src/shared/room_input_popup_menu.rs	imported	apps/hepta-native/src/shared/room_input_popup_menu.rs	100644	blob	70f8bf93bd1ab7ae9d5a1f7fa52f58ae95bd2a41	4b33c7c611586e2545b3574402a370221de58fb96bdea96bebe2a82f9686377b	4b33c7c611586e2545b3574402a370221de58fb96bdea96bebe2a82f9686377b
src/shared/slash_commands.rs	imported	apps/hepta-native/src/shared/slash_commands.rs	100644	blob	603d902cddc0902d84fa09c9356ecb7109a636c0	b3db57c7e4c990a2081a5ff8e7d984ba3c9f5e905db886f088a28c88da673254	b3db57c7e4c990a2081a5ff8e7d984ba3c9f5e905db886f088a28c88da673254
src/shared/styles.rs	imported	apps/hepta-native/src/shared/styles.rs	100644	blob	454db2d6e4e1c5ce6af13581aad2d319997397dd	411b163cc7acb264d9d54581007a2754d0775668e83b8185c6579e8d2c0c9e9d	411b163cc7acb264d9d54581007a2754d0775668e83b8185c6579e8d2c0c9e9d
src/shared/text_or_image.rs	imported	apps/hepta-native/src/shared/text_or_image.rs	100644	blob	e55833d42850977f08ceae57b65e600189c1a7ec	637f88359b64f448c8e69f4e39f23b13640c66930958a7daebbfe207684b3780	637f88359b64f448c8e69f4e39f23b13640c66930958a7daebbfe207684b3780
src/shared/timestamp.rs	imported	apps/hepta-native/src/shared/timestamp.rs	100644	blob	31c8b720dd07adb12be77b981620011577a8a723	bc53e1dcd30271786a851bd7e129e6c7c34e7d9d91b72270ec937de00eb57d4f	bc53e1dcd30271786a851bd7e129e6c7c34e7d9d91b72270ec937de00eb57d4f
src/shared/unread_badge.rs	imported	apps/hepta-native/src/shared/unread_badge.rs	100644	blob	53f55038e994e116624c10f094fd6d19abb4af63	d8f310f53ddb5bec9e0c5e29d31c7b7d40a497090e0fa8fcdafe68ed4748d074	d8f310f53ddb5bec9e0c5e29d31c7b7d40a497090e0fa8fcdafe68ed4748d074
src/shared/verification_badge.rs	imported	apps/hepta-native/src/shared/verification_badge.rs	100644	blob	3323151d8a59c7862724a51896b117ebc888de4c	3dc9c256ea0a741f0cce11d165af17ae9d0b01370f6a28201845efc2b1b20e98	3dc9c256ea0a741f0cce11d165af17ae9d0b01370f6a28201845efc2b1b20e98
src/sliding_sync.rs	imported	apps/hepta-native/src/sliding_sync.rs	100644	blob	a87cbf52d54b605309e32cbb3767bc4e7b9d012a	d0b1dba05aabc82fef51cbfa5f85588dc0588bfd60c444177201fe04aa7e0203	d0b1dba05aabc82fef51cbfa5f85588dc0588bfd60c444177201fe04aa7e0203
src/space_service_sync.rs	imported	apps/hepta-native/src/space_service_sync.rs	100644	blob	0d339d5444a3c0058d04fa0964711cbfffa65caf	7c9e2fb368d554ea189fc74908776d02880fbfc6e427ae193873d1154e53da9e	7c9e2fb368d554ea189fc74908776d02880fbfc6e427ae193873d1154e53da9e
src/temp_storage.rs	imported	apps/hepta-native/src/temp_storage.rs	100644	blob	7276426b1de1e2de76b7132783f4ce389b6202bb	1e3a46b33e246ac80ace22e9c4ab20a001851b94f43a52c15245839611e10066	1e3a46b33e246ac80ace22e9c4ab20a001851b94f43a52c15245839611e10066
src/tsp/create_did_modal.rs	imported	apps/hepta-native/src/tsp/create_did_modal.rs	100644	blob	34cf5360f64976e8c560727ba685e8e48348f958	ad6e9aca8ddba3c63fc8a279b473ba2a09f73b303d45e4e76a6019d56afb30d0	ad6e9aca8ddba3c63fc8a279b473ba2a09f73b303d45e4e76a6019d56afb30d0
src/tsp/create_wallet_modal.rs	imported	apps/hepta-native/src/tsp/create_wallet_modal.rs	100644	blob	13b45413fb872408718b681d9295c3d02f444f02	f49332cd0efab48db8c8076a20f49a7dfecb1724dff74cc8a27316984b9cbbf5	f49332cd0efab48db8c8076a20f49a7dfecb1724dff74cc8a27316984b9cbbf5
src/tsp/mod.rs	imported	apps/hepta-native/src/tsp/mod.rs	100644	blob	1c534de03533ac84119111ee42c8ba5e1b07918e	c66e0b36fc1ce9cd7c4dfb46d180d0227f81b1a13d51c0ddec99520babe17455	c66e0b36fc1ce9cd7c4dfb46d180d0227f81b1a13d51c0ddec99520babe17455
src/tsp/sign_anycast_checkbox.rs	imported	apps/hepta-native/src/tsp/sign_anycast_checkbox.rs	100644	blob	971a4854d2029a53428947d8f9a187204171e20e	8aeb1555d57b0884ba26891612a85b8b6e08b8625bb31e688559e579774d2847	8aeb1555d57b0884ba26891612a85b8b6e08b8625bb31e688559e579774d2847
src/tsp/tsp_settings_screen.rs	imported	apps/hepta-native/src/tsp/tsp_settings_screen.rs	100644	blob	bbab1f50e115caf0c18a5d1ce53eed946497b078	c4b2f4917fd13d14bfe2b5ab8c6b7c8fbae677b733180d24c95cd3a0ae1d48dc	c4b2f4917fd13d14bfe2b5ab8c6b7c8fbae677b733180d24c95cd3a0ae1d48dc
src/tsp/tsp_sign_indicator.rs	imported	apps/hepta-native/src/tsp/tsp_sign_indicator.rs	100644	blob	3731e29abb874155cd0e386dbb43ae0bbdd515b7	838702edb9f20b9b48d2e5c65d0accd1c0b08ca829dd5c0459dbe6a32fbed5c3	838702edb9f20b9b48d2e5c65d0accd1c0b08ca829dd5c0459dbe6a32fbed5c3
src/tsp/tsp_verification_modal.rs	imported	apps/hepta-native/src/tsp/tsp_verification_modal.rs	100644	blob	3169ce4be04bd45195cac6187a3e8df1c32e2a2c	bab631e9e1edf730dba435b903a33ecf6aeadd4d8e26451ca65fe524f2c852fe	bab631e9e1edf730dba435b903a33ecf6aeadd4d8e26451ca65fe524f2c852fe
src/tsp/verify_user.rs	imported	apps/hepta-native/src/tsp/verify_user.rs	100644	blob	4837a204c10ba42665751ce9b81def26d25207f7	2e88f4b0567bfaa9efd0bb5124376dfc8be42d90ebee0dbcd456253c28e6b5cd	2e88f4b0567bfaa9efd0bb5124376dfc8be42d90ebee0dbcd456253c28e6b5cd
src/tsp/wallet_entry/mod.rs	imported	apps/hepta-native/src/tsp/wallet_entry/mod.rs	100644	blob	68bb2c4c056c8e7b6a2451d4d1493bf327291c38	bc4cd450457dfd8e747dbcd5e88588a1be7711aeba9125134787700382dd3832	bc4cd450457dfd8e747dbcd5e88588a1be7711aeba9125134787700382dd3832
src/tsp_dummy/mod.rs	imported	apps/hepta-native/src/tsp_dummy/mod.rs	100644	blob	81facf8db3d76986ef52d9fab5a540a8407197ce	c6b075b709126b091b14d9f4193d6cf529498854d5b63a8cdcd3161ecf9ba402	c6b075b709126b091b14d9f4193d6cf529498854d5b63a8cdcd3161ecf9ba402
src/utils.rs	imported	apps/hepta-native/src/utils.rs	100644	blob	b19ebf6b59e73b63806674ba883c6469e4d28507	9019d0580b50b6a673aca038945fb60fc2b10e43718b3dc200b9fa4023c427b1	9019d0580b50b6a673aca038945fb60fc2b10e43718b3dc200b9fa4023c427b1
src/verification.rs	imported	apps/hepta-native/src/verification.rs	100644	blob	a477404139fc75a223dda95c748b14f956881fb1	4adfc39c481902c59ebadc91457a9ff01da6f01888af211f581bf158a5e48967	4adfc39c481902c59ebadc91457a9ff01da6f01888af211f581bf158a5e48967
src/verification_modal.rs	imported	apps/hepta-native/src/verification_modal.rs	100644	blob	70f010d91495251e9cb67a60794c203c90928e70	b6073aa2c280a2dc99ae36d1d141224fb2b6e4f55fac21ba66e6651e9f3c24a2	b6073aa2c280a2dc99ae36d1d141224fb2b6e4f55fac21ba66e6651e9f3c24a2
